date,revenue,expenses,profit,cash_flow,cash_balance,profit_margin,accounts_receivable,accounts_payable,inventory_value,quarter,month,year
2024-09-23,2295.02,3767.23,-1472.21,-1472.21,98527.79,-64.15,301.25,654.85,25643.14,Q3,September,2024
2024-09-24,4481.5,3366.49,1115.01,1115.01,99642.8,24.88,1159.35,812.87,25718.4,Q3,September,2024
2024-09-25,5542.64,3819.81,1722.83,1722.83,101365.64,31.08,1101.57,516.47,23911.57,Q3,September,2024
2024-09-26,5576.42,3214.97,2361.45,2361.45,103727.09,42.35,1178.67,803.39,28210.13,Q3,September,2024
2024-09-27,4058.84,3573.06,485.78,485.78,104212.86,11.97,697.13,497.09,16881.31,Q3,September,2024
2024-09-28,1333.54,2033.74,-700.2,-700.2,103512.66,-52.51,313.9,256.67,19831.33,Q3,September,2024
2024-09-29,1355.95,547.47,808.49,808.49,104321.15,59.63,368.67,96.09,18159.63,Q3,September,2024
2024-09-30,3340.29,3601.75,-261.46,-261.46,104059.69,-7.83,873.03,542.64,26667.05,Q3,September,2024
2024-10-01,4915.92,3117.41,1798.51,1798.51,105858.2,36.59,603.64,417.74,23104.49,Q4,October,2024
2024-10-02,6074.07,3712.82,2361.25,2361.25,108219.45,38.87,1290.11,642.15,23330.27,Q4,October,2024
2024-10-03,6939.95,5449.98,1489.97,1489.97,109709.42,21.47,2073.19,1186.64,18771.29,Q4,October,2024
2024-10-04,5783.77,6589.89,-806.12,-806.12,108903.3,-13.94,1468.35,1420.22,26401.03,Q4,October,2024
2024-10-05,1551.95,1722.13,-170.18,-170.18,108733.11,-10.97,328.09,403.75,27450.91,Q4,October,2024
2024-10-06,1839.7,1127.62,712.09,712.09,109445.2,38.71,497.97,260.54,24867.58,Q4,October,2024
2024-10-07,1595.75,3290.68,-1694.93,-1694.93,107750.27,-106.22,352.43,380.47,20486.56,Q4,October,2024
2024-10-08,5508.77,1843.62,3665.15,3665.15,111415.42,66.53,606.43,446.05,22438.41,Q4,October,2024
2024-10-09,6449.82,2823.67,3626.15,3626.15,115041.57,56.22,1675.65,690.1,15475.32,Q4,October,2024
2024-10-10,5386.3,2913.47,2472.83,2472.83,117514.39,45.91,1352.78,717.29,24070.57,Q4,October,2024
2024-10-11,3905.2,5474.4,-1569.2,-1569.2,115945.19,-40.18,1001.02,1048.06,17209.64,Q4,October,2024
2024-10-12,2775.07,1554.68,1220.39,1220.39,117165.59,43.98,753.92,179.22,25917.23,Q4,October,2024
2024-10-13,1241.34,1441.68,-200.34,-200.34,116965.24,-16.14,263.78,253.87,21075.85,Q4,October,2024
2024-10-14,5901.89,2089.2,3812.69,3812.69,120777.93,64.6,787.37,245.92,26820.54,Q4,October,2024
2024-10-15,1723.26,3773.53,-2050.27,-2050.27,118727.66,-118.98,243.11,582.05,29245.71,Q4,October,2024
2024-10-16,3088.22,4178.74,-1090.52,-1090.52,117637.14,-35.31,758.68,861.76,25256.93,Q4,October,2024
2024-10-17,7397.64,2644.79,4752.85,4752.85,122389.99,64.25,1867.11,462.2,39079.93,Q4,October,2024
2024-10-18,1413.83,3170.5,-1756.67,-1756.67,120633.32,-124.25,387.53,390.43,16507.15,Q4,October,2024
2024-10-19,2332.97,1619.15,713.82,713.82,121347.14,30.6,403.02,360.87,24141.57,Q4,October,2024
2024-10-20,1699.46,1747.6,-48.14,-48.14,121299.0,-2.83,211.75,227.68,22031.19,Q4,October,2024
2024-10-21,3115.03,3668.51,-553.48,-553.48,120745.52,-17.77,915.59,790.14,26894.17,Q4,October,2024
2024-10-22,6043.07,5412.73,630.34,630.34,121375.86,10.43,612.27,1219.07,14131.16,Q4,October,2024
2024-10-23,4898.42,4691.74,206.69,206.69,121582.54,4.22,953.88,670.98,24377.39,Q4,October,2024
2024-10-24,1492.74,2208.96,-716.22,-716.22,120866.32,-47.98,200.4,309.04,26642.85,Q4,October,2024
2024-10-25,5438.3,4172.52,1265.78,1265.78,122132.1,23.28,1321.72,677.0,21094.96,Q4,October,2024
2024-10-26,1616.95,1277.07,339.88,339.88,122471.98,21.02,365.25,174.73,26299.79,Q4,October,2024
2024-10-27,1523.95,1339.57,184.38,184.38,122656.36,12.1,381.96,240.38,32790.92,Q4,October,2024
2024-10-28,2441.55,3358.38,-916.83,-916.83,121739.52,-37.55,628.56,405.35,20785.47,Q4,October,2024
2024-10-29,7751.3,4098.4,3652.91,3652.91,125392.43,47.13,1439.92,974.2,21753.45,Q4,October,2024
2024-10-30,4580.43,5361.26,-780.83,-780.83,124611.6,-17.05,1280.75,1301.59,20268.62,Q4,October,2024
2024-10-31,2353.33,3791.01,-1437.68,-1437.68,123173.92,-61.09,478.27,767.03,26568.2,Q4,October,2024
2024-11-01,8398.67,5007.15,3391.52,3391.52,126565.44,40.38,2425.1,833.12,33853.53,Q4,November,2024
2024-11-02,1017.57,1378.32,-360.74,-360.74,126204.69,-35.45,258.49,286.2,28311.02,Q4,November,2024
2024-11-03,1403.46,1226.05,177.41,177.41,126382.1,12.64,285.56,135.4,34329.22,Q4,November,2024
2024-11-04,3598.12,3778.47,-180.35,-180.35,126201.75,-5.01,603.26,605.49,24703.16,Q4,November,2024
2024-11-05,9749.19,1957.44,7791.75,7791.75,133993.5,79.92,2480.92,323.19,27077.38,Q4,November,2024
2024-11-06,5130.21,4953.13,177.07,177.07,134170.58,3.45,916.53,522.87,20465.96,Q4,November,2024
2024-11-07,10301.84,3118.84,7183.01,7183.01,141353.58,69.73,2930.91,382.5,12690.1,Q4,November,2024
2024-11-08,5343.42,3886.44,1456.98,1456.98,142810.56,27.27,1148.36,958.63,30411.77,Q4,November,2024
2024-11-09,1307.2,1356.81,-49.61,-49.61,142760.95,-3.8,386.94,298.31,29802.89,Q4,November,2024
2024-11-10,1233.61,1992.61,-759.0,-759.0,142001.95,-61.53,339.44,489.98,24206.74,Q4,November,2024
2024-11-11,7456.92,3300.18,4156.73,4156.73,146158.68,55.74,1371.04,768.5,20365.03,Q4,November,2024
2024-11-12,7703.28,3124.8,4578.47,4578.47,150737.15,59.44,1850.0,721.93,18200.15,Q4,November,2024
2024-11-13,9578.38,4785.71,4792.67,4792.67,155529.82,50.04,2340.1,703.76,33837.51,Q4,November,2024
2024-11-14,8646.33,2678.23,5968.1,5968.1,161497.92,69.02,1459.77,600.06,25481.85,Q4,November,2024
2024-11-15,4867.18,2218.07,2649.11,2649.11,164147.04,54.43,1363.01,424.89,22764.0,Q4,November,2024
2024-11-16,2718.37,2264.95,453.42,453.42,164600.45,16.68,351.68,363.73,18045.53,Q4,November,2024
2024-11-17,1796.12,2014.28,-218.16,-218.16,164382.3,-12.15,410.91,469.6,16554.44,Q4,November,2024
2024-11-18,8497.66,3925.52,4572.14,4572.14,168954.44,53.8,1910.89,756.56,18047.03,Q4,November,2024
2024-11-19,3960.94,5520.8,-1559.86,-1559.86,167394.58,-39.38,746.35,837.99,23095.93,Q4,November,2024
2024-11-20,9499.74,6086.59,3413.15,3413.15,170807.73,35.93,2492.41,1200.97,30112.24,Q4,November,2024
2024-11-21,5879.79,1202.58,4677.21,4677.21,175484.94,79.55,1499.82,279.18,26564.98,Q4,November,2024
2024-11-22,11392.31,4157.53,7234.78,7234.78,182719.72,63.51,1331.26,750.91,15050.92,Q4,November,2024
2024-11-23,1674.83,1989.76,-314.93,-314.93,182404.79,-18.8,298.12,413.54,19510.06,Q4,November,2024
2024-11-24,484.71,2041.29,-1556.58,-1556.58,180848.21,-321.14,133.77,363.49,21075.62,Q4,November,2024
2024-11-25,10722.65,4321.24,6401.41,6401.41,187249.62,59.7,2232.01,570.66,27347.89,Q4,November,2024
2024-11-26,6749.92,4312.48,2437.44,2437.44,189687.06,36.11,1365.74,633.24,16738.5,Q4,November,2024
2024-11-27,4815.65,5506.34,-690.69,-690.69,188996.37,-14.34,809.71,1075.68,26047.31,Q4,November,2024
2024-11-28,6163.14,4783.41,1379.73,1379.73,190376.1,22.39,645.18,1117.15,27529.31,Q4,November,2024
2024-11-29,11180.88,4395.68,6785.2,6785.2,197161.3,60.69,2325.47,610.14,19687.46,Q4,November,2024
2024-11-30,2027.11,2464.54,-437.43,-437.43,196723.87,-21.58,540.12,358.82,29978.3,Q4,November,2024
2024-12-01,1082.53,2252.22,-1169.69,-1169.69,195554.18,-108.05,199.78,395.92,20513.73,Q4,December,2024
2024-12-02,5810.07,5215.01,595.07,595.07,196149.24,10.24,1431.59,1179.83,28731.24,Q4,December,2024
2024-12-03,5575.88,4010.59,1565.29,1565.29,197714.54,28.07,847.26,706.36,22319.59,Q4,December,2024
2024-12-04,13072.58,4534.03,8538.55,8538.55,206253.08,65.32,1630.97,967.94,20802.59,Q4,December,2024
2024-12-05,9776.55,5828.95,3947.6,3947.6,210200.68,40.38,2818.27,975.25,33958.35,Q4,December,2024
2024-12-06,11384.79,5049.26,6335.53,6335.53,216536.21,55.65,2441.89,508.87,23250.74,Q4,December,2024
2024-12-07,1972.35,1924.75,47.6,47.6,216583.8,2.41,330.95,260.64,22981.22,Q4,December,2024
2024-12-08,2881.16,2100.43,780.73,780.73,217364.53,27.1,717.85,393.28,29857.11,Q4,December,2024
2024-12-09,8420.68,2881.61,5539.07,5539.07,222903.6,65.78,2045.63,693.41,16414.12,Q4,December,2024
2024-12-10,4403.01,3687.95,715.06,715.06,223618.66,16.24,1026.36,835.96,25671.64,Q4,December,2024
2024-12-11,5638.57,5043.68,594.89,594.89,224213.55,10.55,827.56,730.73,22361.57,Q4,December,2024
2024-12-12,7539.61,4341.1,3198.51,3198.51,227412.06,42.42,1759.63,964.86,33672.17,Q4,December,2024
2024-12-13,4951.99,6850.1,-1898.11,-1898.11,225513.95,-38.33,1062.47,828.83,22028.25,Q4,December,2024
2024-12-14,1255.76,1969.85,-714.09,-714.09,224799.87,-56.86,220.43,414.9,41200.7,Q4,December,2024
2024-12-15,2663.98,2461.78,202.2,202.2,225002.07,7.59,322.46,436.89,28975.93,Q4,December,2024
2024-12-16,5383.85,4591.25,792.6,792.6,225794.67,14.72,745.72,995.3,25012.51,Q4,December,2024
2024-12-17,10799.04,4069.57,6729.47,6729.47,232524.13,62.32,2061.13,496.42,23108.62,Q4,December,2024
2024-12-18,4553.92,4368.02,185.9,185.9,232710.04,4.08,843.11,706.78,26464.76,Q4,December,2024
2024-12-19,4476.66,4743.8,-267.13,-267.13,232442.91,-5.97,530.26,776.72,26165.9,Q4,December,2024
2024-12-20,9128.24,5654.84,3473.39,3473.39,235916.3,38.05,1150.27,747.67,25471.4,Q4,December,2024
2024-12-21,1447.09,1601.63,-154.54,-154.54,235761.76,-10.68,167.3,322.77,33810.64,Q4,December,2024
2024-12-22,2204.26,3147.69,-943.43,-943.43,234818.33,-42.8,397.98,578.69,27493.02,Q4,December,2024
2024-12-23,8582.84,5326.47,3256.38,3256.38,238074.71,37.94,2195.19,1229.36,18884.31,Q4,December,2024
2024-12-24,7644.6,2715.6,4929.0,4929.0,243003.7,64.48,1657.81,530.82,23575.44,Q4,December,2024
2024-12-25,8344.36,2969.6,5374.76,5374.76,248378.46,64.41,2497.49,603.88,27796.69,Q4,December,2024
2024-12-26,3853.43,5571.98,-1718.56,-1718.56,246659.9,-44.6,1115.81,1168.77,21677.81,Q4,December,2024
2024-12-27,4843.05,2477.57,2365.48,2365.48,249025.38,48.84,888.14,308.28,22103.23,Q4,December,2024
2024-12-28,898.2,1770.96,-872.76,-872.76,248152.62,-97.17,180.68,305.87,30497.44,Q4,December,2024
2024-12-29,1981.11,1393.49,587.62,587.62,248740.25,29.66,379.47,341.69,26131.32,Q4,December,2024
2024-12-30,7289.58,6547.93,741.65,741.65,249481.9,10.17,1477.14,1174.51,28953.61,Q4,December,2024
2024-12-31,7641.76,5286.08,2355.68,2355.68,251837.57,30.83,1825.57,889.73,24328.09,Q4,December,2024
2025-01-01,3909.5,4643.05,-733.54,-733.54,251104.03,-18.76,416.45,573.54,16822.1,Q1,January,2025
2025-01-02,5161.53,3050.29,2111.25,2111.25,253215.28,40.9,1093.24,726.75,23542.55,Q1,January,2025
2025-01-03,3336.52,3288.31,48.22,48.22,253263.49,1.45,412.91,749.23,24782.35,Q1,January,2025
2025-01-04,1050.71,1258.8,-208.1,-208.1,253055.4,-19.81,128.26,195.67,15473.35,Q1,January,2025
2025-01-05,939.43,1344.47,-405.04,-405.04,252650.36,-43.12,148.35,239.88,25756.16,Q1,January,2025
2025-01-06,6355.7,2595.64,3760.06,3760.06,256410.43,59.16,785.24,378.29,19881.35,Q1,January,2025
2025-01-07,3142.6,3288.01,-145.41,-145.41,256265.02,-4.63,549.62,473.79,27943.18,Q1,January,2025
2025-01-08,4874.01,3894.94,979.08,979.08,257244.1,20.09,514.67,472.96,29846.15,Q1,January,2025
2025-01-09,3665.34,4997.83,-1332.49,-1332.49,255911.61,-36.35,941.11,815.96,23226.16,Q1,January,2025
2025-01-10,4131.21,4316.24,-185.04,-185.04,255726.57,-4.48,1187.16,629.2,27832.13,Q1,January,2025
2025-01-11,393.3,1577.54,-1184.24,-1184.24,254542.33,-301.11,61.63,201.08,29309.82,Q1,January,2025
2025-01-12,716.35,1912.81,-1196.46,-1196.46,253345.87,-167.02,177.61,191.88,26950.77,Q1,January,2025
2025-01-13,5420.7,2527.26,2893.44,2893.44,256239.32,53.38,1135.68,278.34,29979.47,Q1,January,2025
2025-01-14,4191.53,4739.45,-547.92,-547.92,255691.4,-13.07,456.61,816.02,38930.25,Q1,January,2025
2025-01-15,5846.0,3582.47,2263.53,2263.53,257954.93,38.72,946.7,601.34,36605.02,Q1,January,2025
2025-01-16,4724.17,2332.85,2391.32,2391.32,260346.25,50.62,791.6,365.31,24803.63,Q1,January,2025
2025-01-17,4914.01,3893.36,1020.65,1020.65,261366.9,20.77,1311.51,876.21,19373.68,Q1,January,2025
2025-01-18,806.33,1421.41,-615.08,-615.08,260751.82,-76.28,102.05,171.68,27672.72,Q1,January,2025
2025-01-19,1438.52,1638.59,-200.06,-200.06,260551.76,-13.91,326.96,351.07,20827.86,Q1,January,2025
2025-01-20,6084.33,2185.15,3899.18,3899.18,264450.94,64.09,1420.35,267.35,31511.7,Q1,January,2025
2025-01-21,4886.59,4302.3,584.29,584.29,265035.23,11.96,1200.01,487.87,22777.83,Q1,January,2025
2025-01-22,3828.81,3199.54,629.28,629.28,265664.5,16.44,861.31,619.23,22618.01,Q1,January,2025
2025-01-23,4270.31,4571.18,-300.87,-300.87,265363.63,-7.05,757.75,1074.4,18515.83,Q1,January,2025
2025-01-24,3211.35,2460.83,750.52,750.52,266114.15,23.37,538.86,263.0,24527.91,Q1,January,2025
2025-01-25,1151.21,1922.54,-771.33,-771.33,265342.82,-67.0,269.49,320.03,25168.62,Q1,January,2025
2025-01-26,1309.04,1754.3,-445.26,-445.26,264897.56,-34.01,203.52,198.73,26227.02,Q1,January,2025
2025-01-27,4843.98,3039.91,1804.07,1804.07,266701.62,37.24,644.84,315.3,33231.84,Q1,January,2025
2025-01-28,7049.94,3785.61,3264.34,3264.34,269965.96,46.3,1593.44,816.7,26139.96,Q1,January,2025
2025-01-29,4749.5,2159.07,2590.43,2590.43,272556.39,54.54,768.32,424.85,25900.53,Q1,January,2025
2025-01-30,3122.41,3608.98,-486.57,-486.57,272069.82,-15.58,714.35,406.99,21368.2,Q1,January,2025
2025-01-31,3586.27,1465.23,2121.04,2121.04,274190.86,59.14,1043.72,265.61,19133.77,Q1,January,2025
2025-02-01,1327.75,1184.02,143.74,143.74,274334.59,10.83,333.96,288.42,30318.87,Q1,February,2025
2025-02-02,856.6,1778.96,-922.36,-922.36,273412.23,-107.68,175.05,378.18,21190.62,Q1,February,2025
2025-02-03,4462.56,1768.69,2693.87,2693.87,276106.1,60.37,894.87,181.82,22734.09,Q1,February,2025
2025-02-04,2984.54,3944.91,-960.37,-960.37,275145.74,-32.18,691.37,709.21,27311.31,Q1,February,2025
2025-02-05,2520.91,2967.14,-446.23,-446.23,274699.51,-17.7,737.3,419.09,21138.41,Q1,February,2025
2025-02-06,5140.31,4294.37,845.94,845.94,275545.45,16.46,725.61,963.89,17791.77,Q1,February,2025
2025-02-07,4992.04,2409.03,2583.01,2583.01,278128.46,51.74,1336.79,450.33,23735.42,Q1,February,2025
2025-02-08,1211.61,2392.47,-1180.86,-1180.86,276947.59,-97.46,141.67,430.72,19980.75,Q1,February,2025
2025-02-09,1500.51,1047.82,452.69,452.69,277400.28,30.17,246.21,197.34,18797.03,Q1,February,2025
2025-02-10,4034.16,3169.56,864.6,864.6,278264.88,21.43,799.95,760.94,10838.41,Q1,February,2025
2025-02-11,5391.52,1224.8,4166.72,4166.72,282431.6,77.28,905.73,155.64,24270.31,Q1,February,2025
2025-02-12,5593.14,5138.27,454.87,454.87,282886.47,8.13,586.22,920.7,23184.75,Q1,February,2025
2025-02-13,2280.46,4311.49,-2031.03,-2031.03,280855.44,-89.06,402.28,490.02,29325.78,Q1,February,2025
2025-02-14,3413.21,2595.84,817.37,817.37,281672.81,23.95,1010.16,470.54,21413.04,Q1,February,2025
2025-02-15,1075.95,1717.23,-641.28,-641.28,281031.53,-59.6,169.0,218.78,22169.93,Q1,February,2025
2025-02-16,1041.75,1863.58,-821.82,-821.82,280209.71,-78.89,264.25,229.47,17587.93,Q1,February,2025
2025-02-17,3548.88,1641.65,1907.22,1907.22,282116.93,53.74,1030.71,331.27,25542.06,Q1,February,2025
2025-02-18,1672.71,3951.01,-2278.3,-2278.3,279838.63,-136.2,186.98,964.71,18426.81,Q1,February,2025
2025-02-19,1872.91,2822.75,-949.84,-949.84,278888.79,-50.71,255.26,584.29,33555.54,Q1,February,2025
2025-02-20,4853.43,1419.92,3433.51,3433.51,282322.31,70.74,774.63,163.02,18284.37,Q1,February,2025
2025-02-21,3525.28,5164.52,-1639.24,-1639.24,280683.07,-46.5,452.97,1208.25,20305.23,Q1,February,2025
2025-02-22,864.88,2262.34,-1397.46,-1397.46,279285.61,-161.58,131.1,545.76,25974.54,Q1,February,2025
2025-02-23,1579.08,1247.81,331.27,331.27,279616.88,20.98,441.98,134.49,24491.82,Q1,February,2025
2025-02-24,5578.76,3019.64,2559.12,2559.12,282176.0,45.87,825.24,572.38,30615.27,Q1,February,2025
2025-02-25,4464.72,2214.33,2250.39,2250.39,284426.38,50.4,657.65,390.37,24918.41,Q1,February,2025
2025-02-26,5177.66,3752.47,1425.19,1425.19,285851.57,27.53,1040.11,909.61,24798.74,Q1,February,2025
2025-02-27,1729.94,1533.61,196.34,196.34,286047.9,11.35,266.16,226.59,17083.47,Q1,February,2025
2025-02-28,3387.47,2810.59,576.88,576.88,286624.78,17.03,713.48,308.66,17622.94,Q1,February,2025
2025-03-01,1960.13,1118.12,842.02,842.02,287466.79,42.96,207.35,218.07,18147.2,Q1,March,2025
2025-03-02,1539.71,2236.95,-697.25,-697.25,286769.55,-45.28,435.35,229.94,35274.27,Q1,March,2025
2025-03-03,5873.82,5079.83,793.99,793.99,287563.54,13.52,1238.29,954.63,18939.72,Q1,March,2025
2025-03-04,8239.61,1638.52,6601.09,6601.09,294164.63,80.11,991.24,351.37,22480.8,Q1,March,2025
2025-03-05,5840.98,1894.78,3946.2,3946.2,298110.83,67.56,1345.24,225.17,20364.75,Q1,March,2025
2025-03-06,3371.12,3189.78,181.34,181.34,298292.16,5.38,720.24,532.37,32107.91,Q1,March,2025
2025-03-07,5025.24,3036.94,1988.3,1988.3,300280.46,39.57,1353.07,531.66,10578.38,Q1,March,2025
2025-03-08,1710.04,2145.01,-434.97,-434.97,299845.5,-25.44,438.76,260.31,16499.9,Q1,March,2025
2025-03-09,1469.86,1846.5,-376.64,-376.64,299468.85,-25.62,305.86,231.23,29823.01,Q1,March,2025
2025-03-10,3912.85,2624.64,1288.21,1288.21,300757.06,32.92,583.14,637.5,22717.51,Q1,March,2025
2025-03-11,6926.66,4543.85,2382.81,2382.81,303139.87,34.4,2024.46,832.76,24893.27,Q1,March,2025
2025-03-12,6529.66,1131.31,5398.36,5398.36,308538.23,82.67,707.54,251.03,28958.27,Q1,March,2025
2025-03-13,3321.85,5267.02,-1945.17,-1945.17,306593.05,-58.56,970.72,1017.11,19678.78,Q1,March,2025
2025-03-14,3720.86,4062.42,-341.57,-341.57,306251.49,-9.18,858.07,508.24,28294.77,Q1,March,2025
2025-03-15,1299.15,1935.7,-636.55,-636.55,305614.94,-49.0,145.55,461.22,27476.9,Q1,March,2025
2025-03-16,1676.9,1547.72,129.18,129.18,305744.12,7.7,259.35,213.02,27526.06,Q1,March,2025
2025-03-17,7109.56,2274.51,4835.04,4835.04,310579.16,68.01,1677.85,568.37,20799.7,Q1,March,2025
2025-03-18,5040.88,2443.78,2597.11,2597.11,313176.27,51.52,1353.42,322.37,15982.98,Q1,March,2025
2025-03-19,6639.68,1271.21,5368.47,5368.47,318544.74,80.85,1780.34,180.76,22988.09,Q1,March,2025
2025-03-20,6138.42,3766.7,2371.72,2371.72,320916.46,38.64,812.01,678.43,23063.75,Q1,March,2025
2025-03-21,3353.84,3843.87,-490.03,-490.03,320426.43,-14.61,382.29,436.11,20058.03,Q1,March,2025
2025-03-22,1619.67,1820.46,-200.79,-200.79,320225.64,-12.4,388.21,408.83,25755.16,Q1,March,2025
2025-03-23,1211.86,2767.5,-1555.65,-1555.65,318669.99,-128.37,296.92,691.39,26791.03,Q1,March,2025
2025-03-24,4581.94,3764.27,817.67,817.67,319487.66,17.85,1263.04,495.48,21127.69,Q1,March,2025
2025-03-25,4420.54,5891.92,-1471.38,-1471.38,318016.28,-33.28,888.37,1298.04,21163.1,Q1,March,2025
2025-03-26,4883.34,3043.9,1839.45,1839.45,319855.73,37.67,1351.64,736.05,19801.83,Q1,March,2025
2025-03-27,5631.63,3536.47,2095.16,2095.16,321950.88,37.2,1278.57,873.32,29555.14,Q1,March,2025
2025-03-28,6215.87,4400.71,1815.16,1815.16,323766.04,29.2,1501.45,620.29,20408.98,Q1,March,2025
2025-03-29,1788.43,2082.64,-294.2,-294.2,323471.84,-16.45,415.73,308.74,19894.69,Q1,March,2025
2025-03-30,1356.62,1021.94,334.68,334.68,323806.52,24.67,192.81,249.2,28348.11,Q1,March,2025
2025-03-31,5997.53,4930.36,1067.17,1067.17,324873.69,17.79,993.74,1169.0,23856.01,Q1,March,2025
2025-04-01,5677.2,4487.74,1189.47,1189.47,326063.16,20.95,719.56,1069.6,21230.54,Q2,April,2025
2025-04-02,3641.05,2777.11,863.94,863.94,326927.09,23.73,807.43,279.49,23253.52,Q2,April,2025
2025-04-03,3694.17,2820.17,874.0,874.0,327801.09,23.66,376.49,355.43,29404.58,Q2,April,2025
2025-04-04,4855.48,3806.7,1048.78,1048.78,328849.87,21.6,1025.27,778.37,22246.42,Q2,April,2025
2025-04-05,1222.64,1892.78,-670.14,-670.14,328179.73,-54.81,241.83,300.8,25630.31,Q2,April,2025
2025-04-06,1850.09,2400.8,-550.7,-550.7,327629.03,-29.77,215.04,555.8,21542.94,Q2,April,2025
2025-04-07,6291.78,2420.19,3871.58,3871.58,331500.61,61.53,1448.7,437.56,35368.89,Q2,April,2025
2025-04-08,3820.54,4190.63,-370.09,-370.09,331130.52,-9.69,1064.08,932.03,19563.8,Q2,April,2025
2025-04-09,4771.86,5045.73,-273.87,-273.87,330856.65,-5.74,902.05,597.98,20911.48,Q2,April,2025
2025-04-10,8306.28,3494.72,4811.55,4811.55,335668.21,57.93,2445.43,546.77,29878.56,Q2,April,2025
2025-04-11,5604.42,3957.04,1647.38,1647.38,337315.59,29.39,1234.44,625.26,17869.43,Q2,April,2025
2025-04-12,1287.22,2347.99,-1060.77,-1060.77,336254.81,-82.41,344.75,520.74,23278.39,Q2,April,2025
2025-04-13,1562.47,976.29,586.19,586.19,336841.0,37.52,463.68,115.9,22312.12,Q2,April,2025
2025-04-14,6684.56,2217.37,4467.19,4467.19,341308.19,66.83,1163.76,285.93,28585.4,Q2,April,2025
2025-04-15,5266.67,3264.04,2002.62,2002.62,343310.81,38.02,536.53,690.25,23600.38,Q2,April,2025
2025-04-16,4263.46,3098.03,1165.43,1165.43,344476.24,27.34,1073.04,626.06,29648.7,Q2,April,2025
2025-04-17,4351.93,5307.59,-955.66,-955.66,343520.58,-21.96,1052.47,683.23,26497.66,Q2,April,2025
2025-04-18,4135.61,4473.37,-337.76,-337.76,343182.82,-8.17,1088.72,866.87,28119.48,Q2,April,2025
2025-04-19,755.62,1232.76,-477.14,-477.14,342705.68,-63.15,197.73,164.17,24422.9,Q2,April,2025
2025-04-20,787.38,2795.26,-2007.89,-2007.89,340697.79,-255.01,233.08,685.1,29111.16,Q2,April,2025
2025-04-21,4980.0,3157.29,1822.71,1822.71,342520.5,36.6,534.65,549.13,22001.68,Q2,April,2025
2025-04-22,2053.95,1767.13,286.83,286.83,342807.32,13.96,494.61,337.35,34505.6,Q2,April,2025
2025-04-23,7360.4,2924.22,4436.18,4436.18,347243.5,60.27,746.54,724.15,29540.0,Q2,April,2025
2025-04-24,5759.63,4124.29,1635.34,1635.34,348878.84,28.39,1311.39,481.07,17874.11,Q2,April,2025
2025-04-25,2287.73,4682.59,-2394.86,-2394.86,346483.98,-104.68,355.67,819.68,15103.51,Q2,April,2025
2025-04-26,1433.31,1566.15,-132.84,-132.84,346351.15,-9.27,192.2,202.14,22699.25,Q2,April,2025
2025-04-27,1641.5,1411.2,230.3,230.3,346581.44,14.03,406.7,283.41,26978.68,Q2,April,2025
2025-04-28,5211.73,5598.73,-387.0,-387.0,346194.45,-7.43,1149.68,707.28,18072.95,Q2,April,2025
2025-04-29,5043.9,3931.35,1112.56,1112.56,347307.0,22.06,1097.72,833.04,23717.99,Q2,April,2025
2025-04-30,2994.39,4757.1,-1762.72,-1762.72,345544.29,-58.87,375.75,1141.87,26684.67,Q2,April,2025
2025-05-01,3099.65,3938.67,-839.01,-839.01,344705.28,-27.07,840.3,914.36,33507.83,Q2,May,2025
2025-05-02,4945.53,3497.79,1447.74,1447.74,346153.01,29.27,1215.51,493.71,32840.03,Q2,May,2025
2025-05-03,1063.33,2613.78,-1550.45,-1550.45,344602.57,-145.81,286.6,270.44,29864.56,Q2,May,2025
2025-05-04,1084.1,1415.87,-331.76,-331.76,344270.8,-30.6,318.68,285.52,22375.94,Q2,May,2025
2025-05-05,2249.65,3760.47,-1510.82,-1510.82,342759.98,-67.16,501.43,760.0,20605.26,Q2,May,2025
2025-05-06,5444.83,2209.06,3235.77,3235.77,345995.75,59.43,1506.15,221.55,29615.07,Q2,May,2025
2025-05-07,6106.44,2794.12,3312.32,3312.32,349308.07,54.24,1132.27,561.52,26798.25,Q2,May,2025
2025-05-08,5124.38,4982.3,142.08,142.08,349450.15,2.77,1178.64,1136.36,19837.61,Q2,May,2025
2025-05-09,4771.55,2859.32,1912.24,1912.24,351362.39,40.08,785.4,648.07,25224.09,Q2,May,2025
2025-05-10,1739.97,1424.1,315.88,315.88,351678.27,18.15,315.59,168.41,23179.47,Q2,May,2025
2025-05-11,1934.72,2428.66,-493.94,-493.94,351184.32,-25.53,394.02,423.4,27467.58,Q2,May,2025
2025-05-12,4793.06,3266.9,1526.15,1526.15,352710.47,31.84,975.15,347.99,27740.63,Q2,May,2025
2025-05-13,5341.65,1851.02,3490.63,3490.63,356201.1,65.35,1304.67,198.14,27861.93,Q2,May,2025
2025-05-14,3709.15,2083.06,1626.08,1626.08,357827.18,43.84,1052.2,374.66,16658.28,Q2,May,2025
2025-05-15,4675.84,2483.48,2192.37,2192.37,360019.55,46.89,763.32,394.32,13368.19,Q2,May,2025
2025-05-16,4462.32,3009.43,1452.89,1452.89,361472.44,32.56,744.94,698.23,24250.49,Q2,May,2025
2025-05-17,1217.0,2664.66,-1447.67,-1447.67,360024.77,-118.95,318.29,662.27,27586.69,Q2,May,2025
2025-05-18,1275.17,1718.19,-443.01,-443.01,359581.76,-34.74,185.06,349.53,32073.21,Q2,May,2025
2025-05-19,6434.93,2103.79,4331.15,4331.15,363912.9,67.31,1876.14,499.75,20128.55,Q2,May,2025
2025-05-20,3827.23,3060.3,766.93,766.93,364679.83,20.04,533.42,457.16,22022.88,Q2,May,2025
2025-05-21,5051.01,4235.72,815.29,815.29,365495.12,16.14,568.59,820.86,29513.3,Q2,May,2025
2025-05-22,4509.8,1865.31,2644.5,2644.5,368139.62,58.64,476.12,307.39,19797.95,Q2,May,2025
2025-05-23,4220.34,2254.97,1965.37,1965.37,370104.99,46.57,442.31,495.15,30704.29,Q2,May,2025
2025-05-24,969.21,2058.53,-1089.32,-1089.32,369015.67,-112.39,278.17,465.38,16590.6,Q2,May,2025
2025-05-25,1795.74,1680.37,115.37,115.37,369131.04,6.42,268.34,287.4,32562.65,Q2,May,2025
2025-05-26,3302.66,2935.89,366.77,366.77,369497.82,11.11,963.58,660.21,23147.84,Q2,May,2025
2025-05-27,4771.25,3154.02,1617.23,1617.23,371115.05,33.9,1261.17,561.26,23366.61,Q2,May,2025
2025-05-28,4485.41,1428.82,3056.59,3056.59,374171.63,68.15,660.92,158.51,29966.67,Q2,May,2025
2025-05-29,9291.7,3798.27,5493.43,5493.43,379665.07,59.12,2044.11,629.68,19321.25,Q2,May,2025
2025-05-30,3448.19,4113.17,-664.98,-664.98,379000.08,-19.28,410.8,686.77,26927.35,Q2,May,2025
2025-05-31,1372.07,2126.7,-754.63,-754.63,378245.45,-55.0,171.46,523.55,14680.57,Q2,May,2025
2025-06-01,1839.33,1868.88,-29.55,-29.55,378215.9,-1.61,521.16,292.68,20020.26,Q2,June,2025
2025-06-02,2850.01,3621.33,-771.31,-771.31,377444.59,-27.06,792.35,738.77,32036.19,Q2,June,2025
2025-06-03,4657.86,2647.31,2010.55,2010.55,379455.13,43.16,1194.88,289.35,25956.44,Q2,June,2025
2025-06-04,7731.31,3931.3,3800.01,3800.01,383255.14,49.15,2013.83,425.44,27697.01,Q2,June,2025
2025-06-05,6834.2,3972.56,2861.64,2861.64,386116.78,41.87,1518.2,654.58,21095.15,Q2,June,2025
2025-06-06,2383.15,2578.35,-195.19,-195.19,385921.58,-8.19,286.85,279.41,19476.37,Q2,June,2025
2025-06-07,1796.69,2149.17,-352.49,-352.49,385569.1,-19.62,198.43,488.91,25877.86,Q2,June,2025
2025-06-08,929.09,2643.3,-1714.21,-1714.21,383854.89,-184.5,167.55,509.09,22918.95,Q2,June,2025
2025-06-09,5905.22,3549.32,2355.9,2355.9,386210.79,39.9,1076.06,815.24,26043.32,Q2,June,2025
2025-06-10,5852.28,2803.98,3048.3,3048.3,389259.08,52.09,1506.93,542.85,31527.01,Q2,June,2025
2025-06-11,2630.74,2461.44,169.3,169.3,389428.38,6.44,501.64,417.54,31462.15,Q2,June,2025
2025-06-12,5885.01,6040.39,-155.38,-155.38,389273.0,-2.64,1092.38,1165.99,25341.75,Q2,June,2025
2025-06-13,7550.64,1642.52,5908.12,5908.12,395181.12,78.25,908.01,324.62,17932.43,Q2,June,2025
2025-06-14,1902.99,879.82,1023.17,1023.17,396204.29,53.77,447.5,91.41,24013.16,Q2,June,2025
2025-06-15,2025.24,2000.59,24.66,24.66,396228.95,1.22,412.02,376.45,25055.48,Q2,June,2025
2025-06-16,4326.34,3702.23,624.11,624.11,396853.06,14.43,526.09,377.05,27886.24,Q2,June,2025
2025-06-17,4008.66,3871.74,136.92,136.92,396989.98,3.42,972.74,731.5,30392.15,Q2,June,2025
2025-06-18,4666.28,3568.12,1098.16,1098.16,398088.14,23.53,1251.29,840.85,27418.89,Q2,June,2025
2025-06-19,5827.0,4378.45,1448.55,1448.55,399536.69,24.86,729.52,772.07,19928.13,Q2,June,2025
2025-06-20,4206.62,3008.12,1198.49,1198.49,400735.19,28.49,719.66,518.03,20480.44,Q2,June,2025
2025-06-21,690.71,122.76,567.95,567.95,401303.14,82.23,154.84,15.7,30977.26,Q2,June,2025
2025-06-22,800.75,2533.25,-1732.51,-1732.51,399570.63,-216.36,102.12,270.07,28697.05,Q2,June,2025
2025-06-23,4391.47,4116.42,275.05,275.05,399845.68,6.26,551.29,772.56,27125.67,Q2,June,2025
2025-06-24,3347.34,3485.02,-137.68,-137.68,399707.99,-4.11,678.25,689.18,20100.81,Q2,June,2025
2025-06-25,5981.19,2784.78,3196.41,3196.41,402904.41,53.44,1026.07,522.28,24516.85,Q2,June,2025
2025-06-26,4790.3,3621.58,1168.72,1168.72,404073.13,24.4,997.48,441.27,33312.78,Q2,June,2025
2025-06-27,4638.56,4717.93,-79.37,-79.37,403993.76,-1.71,899.44,898.76,27399.98,Q2,June,2025
2025-06-28,2138.28,1580.78,557.5,557.5,404551.26,26.07,338.3,388.15,28480.68,Q2,June,2025
2025-06-29,1473.33,255.3,1218.03,1218.03,405769.29,82.67,299.88,50.72,19550.78,Q2,June,2025
2025-06-30,5873.57,4016.26,1857.3,1857.3,407626.59,31.62,757.22,544.64,18525.11,Q2,June,2025
2025-07-01,5330.55,4003.26,1327.29,1327.29,408953.88,24.9,1406.4,736.27,24826.67,Q3,July,2025
2025-07-02,6093.23,4092.56,2000.67,2000.67,410954.55,32.83,675.87,620.32,24824.28,Q3,July,2025
2025-07-03,4233.76,4542.54,-308.78,-308.78,410645.77,-7.29,1250.24,890.72,27315.81,Q3,July,2025
2025-07-04,2927.85,3720.9,-793.05,-793.05,409852.73,-27.09,410.64,410.27,19244.88,Q3,July,2025
2025-07-05,1065.94,1424.04,-358.1,-358.1,409494.63,-33.59,146.96,244.02,25224.37,Q3,July,2025
2025-07-06,1668.52,1545.53,122.99,122.99,409617.61,7.37,397.72,262.91,23174.09,Q3,July,2025
2025-07-07,4245.13,4547.51,-302.38,-302.38,409315.24,-7.12,1012.39,1035.93,10735.28,Q3,July,2025
2025-07-08,4536.98,5044.98,-508.0,-508.0,408807.23,-11.2,967.37,758.51,27586.15,Q3,July,2025
2025-07-09,6900.27,1465.75,5434.52,5434.52,414241.75,78.76,1103.53,218.83,18788.75,Q3,July,2025
2025-07-10,5771.07,5050.63,720.44,720.44,414962.2,12.48,698.12,1168.8,19293.82,Q3,July,2025
2025-07-11,4418.36,3901.46,516.89,516.89,415479.09,11.7,1246.46,680.37,17737.51,Q3,July,2025
2025-07-12,1734.76,412.16,1322.6,1322.6,416801.69,76.24,492.66,80.71,27461.2,Q3,July,2025
2025-07-13,1052.21,1526.2,-473.99,-473.99,416327.7,-45.05,251.1,259.42,28259.42,Q3,July,2025
2025-07-14,5670.88,3492.02,2178.86,2178.86,418506.56,38.42,808.82,601.02,29845.2,Q3,July,2025
2025-07-15,2449.74,3704.41,-1254.68,-1254.68,417251.88,-51.22,621.42,823.11,21049.15,Q3,July,2025
2025-07-16,6377.05,4187.07,2189.98,2189.98,419441.86,34.34,1667.31,654.8,28616.74,Q3,July,2025
2025-07-17,7468.07,4626.35,2841.73,2841.73,422283.59,38.05,1344.72,1035.9,24212.89,Q3,July,2025
2025-07-18,4998.1,4100.94,897.16,897.16,423180.75,17.95,506.53,416.18,25680.87,Q3,July,2025
2025-07-19,1817.33,634.84,1182.49,1182.49,424363.24,65.07,311.81,116.31,34404.02,Q3,July,2025
2025-07-20,1527.46,938.77,588.7,588.7,424951.93,38.54,196.25,155.89,20431.03,Q3,July,2025
2025-07-21,1806.01,2409.76,-603.76,-603.76,424348.18,-33.43,408.64,570.89,24288.76,Q3,July,2025
2025-07-22,7272.07,3910.67,3361.4,3361.4,427709.57,46.22,1250.66,963.19,26164.3,Q3,July,2025
2025-07-23,3297.34,2675.51,621.83,621.83,428331.4,18.86,461.05,381.57,21265.36,Q3,July,2025
2025-07-24,3940.81,3148.46,792.34,792.34,429123.75,20.11,566.64,438.58,23619.94,Q3,July,2025
2025-07-25,4491.38,2828.68,1662.71,1662.71,430786.45,37.02,605.69,642.48,25675.27,Q3,July,2025
2025-07-26,1358.51,952.22,406.3,406.3,431192.75,29.91,202.68,123.22,25171.91,Q3,July,2025
2025-07-27,1447.46,960.19,487.27,487.27,431680.02,33.66,195.72,133.72,22043.49,Q3,July,2025
2025-07-28,5895.61,2363.55,3532.06,3532.06,435212.08,59.91,708.88,531.13,18789.1,Q3,July,2025
2025-07-29,4512.67,4122.93,389.74,389.74,435601.82,8.64,575.13,817.29,34051.64,Q3,July,2025
2025-07-30,5988.4,4584.83,1403.58,1403.58,437005.4,23.44,1658.8,691.2,26733.49,Q3,July,2025
2025-07-31,3972.33,4151.71,-179.39,-179.39,436826.01,-4.52,564.26,699.27,24571.96,Q3,July,2025
2025-08-01,5565.55,2553.97,3011.58,3011.58,439837.59,54.11,968.01,398.04,27332.23,Q3,August,2025
2025-08-02,1445.77,1865.63,-419.86,-419.86,439417.74,-29.04,194.13,334.02,24574.63,Q3,August,2025
2025-08-03,1375.26,1992.35,-617.09,-617.09,438800.65,-44.87,357.3,385.48,22969.54,Q3,August,2025
2025-08-04,2616.97,1626.03,990.94,990.94,439791.59,37.87,488.7,336.0,25922.08,Q3,August,2025
2025-08-05,4329.17,1770.9,2558.27,2558.27,442349.86,59.09,535.51,411.57,25532.67,Q3,August,2025
2025-08-06,4859.19,3000.39,1858.8,1858.8,444208.66,38.25,613.03,385.39,26234.05,Q3,August,2025
2025-08-07,6972.64,4784.59,2188.05,2188.05,446396.71,31.38,1439.93,976.79,25718.82,Q3,August,2025
2025-08-08,4872.93,3657.74,1215.2,1215.2,447611.91,24.94,797.16,601.45,26545.03,Q3,August,2025
2025-08-09,1379.27,1837.27,-458.01,-458.01,447153.9,-33.21,313.41,437.55,17131.85,Q3,August,2025
2025-08-10,1536.61,1988.41,-451.8,-451.8,446702.1,-29.4,388.17,374.02,22550.79,Q3,August,2025
2025-08-11,4856.79,2388.49,2468.3,2468.3,449170.4,50.82,1315.64,344.25,18748.43,Q3,August,2025
2025-08-12,5316.22,2770.44,2545.79,2545.79,451716.19,47.89,689.59,379.76,16115.87,Q3,August,2025
2025-08-13,3332.33,2533.62,798.71,798.71,452514.9,23.97,752.75,359.8,28872.9,Q3,August,2025
2025-08-14,5268.67,2628.4,2640.27,2640.27,455155.17,50.11,660.12,463.23,22061.17,Q3,August,2025
2025-08-15,6968.13,4436.1,2532.02,2532.02,457687.2,36.34,1510.8,768.99,19409.7,Q3,August,2025
2025-08-16,2023.59,1709.69,313.9,313.9,458001.1,15.51,496.71,372.2,28998.06,Q3,August,2025
2025-08-17,1426.51,2342.91,-916.4,-916.4,457084.69,-64.24,368.32,450.39,19201.9,Q3,August,2025
2025-08-18,4616.82,4716.46,-99.64,-99.64,456985.06,-2.16,616.28,746.23,13036.96,Q3,August,2025
2025-08-19,4930.91,3106.45,1824.45,1824.45,458809.51,37.0,1363.32,660.65,28423.31,Q3,August,2025
2025-08-20,6604.87,4230.28,2374.59,2374.59,461184.1,35.95,1154.88,752.29,26205.0,Q3,August,2025
2025-08-21,5060.85,3157.29,1903.56,1903.56,463087.66,37.61,687.26,653.16,26049.86,Q3,August,2025
2025-08-22,7189.48,2669.49,4519.99,4519.99,467607.65,62.87,1474.53,460.47,22989.59,Q3,August,2025
2025-08-23,1466.02,2250.47,-784.45,-784.45,466823.2,-53.51,426.83,384.97,26116.51,Q3,August,2025
2025-08-24,1942.57,2267.05,-324.49,-324.49,466498.72,-16.7,420.06,443.7,27960.18,Q3,August,2025
2025-08-25,3404.01,5161.09,-1757.08,-1757.08,464741.63,-51.62,878.66,1019.11,32061.9,Q3,August,2025
2025-08-26,5095.31,2118.23,2977.08,2977.08,467718.71,58.43,720.68,496.16,17197.51,Q3,August,2025
2025-08-27,5381.47,2798.25,2583.22,2583.22,470301.94,48.0,1024.72,378.2,16414.05,Q3,August,2025
2025-08-28,2630.95,3030.02,-399.07,-399.07,469902.87,-15.17,378.12,496.18,25974.65,Q3,August,2025
2025-08-29,7108.57,3984.22,3124.35,3124.35,473027.22,43.95,1246.96,492.38,23092.98,Q3,August,2025
2025-08-30,1670.98,1895.28,-224.31,-224.31,472802.91,-13.42,448.63,261.89,28697.73,Q3,August,2025
2025-08-31,1482.03,2268.1,-786.07,-786.07,472016.84,-53.04,173.33,482.52,29122.26,Q3,August,2025
2025-09-01,5124.05,3380.78,1743.27,1743.27,473760.11,34.02,814.77,601.18,29598.74,Q3,September,2025
2025-09-02,3929.79,1993.39,1936.4,1936.4,475696.52,49.27,573.89,211.64,17438.51,Q3,September,2025
2025-09-03,3805.44,4159.65,-354.21,-354.21,475342.3,-9.31,770.42,625.85,22886.01,Q3,September,2025
2025-09-04,5306.77,3004.7,2302.07,2302.07,477644.37,43.38,1009.51,495.4,22563.21,Q3,September,2025
2025-09-05,3461.8,3408.1,53.7,53.7,477698.07,1.55,600.63,595.16,24124.18,Q3,September,2025
2025-09-06,1685.7,1893.85,-208.15,-208.15,477489.92,-12.35,260.62,196.41,24014.26,Q3,September,2025
2025-09-07,822.26,2285.29,-1463.03,-1463.03,476026.89,-177.93,154.86,319.58,24574.78,Q3,September,2025
2025-09-08,5119.46,5100.5,18.97,18.97,476045.86,0.37,589.65,1199.75,29541.11,Q3,September,2025
2025-09-09,5669.67,3497.69,2171.98,2171.98,478217.84,38.31,900.93,613.02,24941.77,Q3,September,2025
2025-09-10,5360.17,3906.91,1453.27,1453.27,479671.11,27.11,1122.05,436.49,33557.01,Q3,September,2025
2025-09-11,8709.9,3790.26,4919.64,4919.64,484590.74,56.48,1352.52,508.51,14233.62,Q3,September,2025
2025-09-12,3572.38,5311.5,-1739.11,-1739.11,482851.63,-48.68,441.97,818.16,28593.26,Q3,September,2025
2025-09-13,1691.72,1666.58,25.14,25.14,482876.77,1.49,353.92,250.09,19054.89,Q3,September,2025
2025-09-14,2255.01,1338.39,916.61,916.61,483793.38,40.65,529.97,184.03,28646.56,Q3,September,2025
2025-09-15,3048.95,3284.65,-235.7,-235.7,483557.68,-7.73,759.32,707.09,29964.79,Q3,September,2025
2025-09-16,4625.46,3131.55,1493.91,1493.91,485051.59,32.3,1244.66,402.71,25053.18,Q3,September,2025
2025-09-17,2996.0,1975.85,1020.14,1020.14,486071.73,34.05,661.54,238.45,28571.18,Q3,September,2025
2025-09-18,4366.69,4206.48,160.2,160.2,486231.93,3.67,1183.37,872.54,30590.92,Q3,September,2025
2025-09-19,6797.96,1878.99,4918.97,4918.97,491150.9,72.36,1418.23,261.5,21510.85,Q3,September,2025
2025-09-20,1741.91,2026.5,-284.59,-284.59,490866.31,-16.34,442.47,288.32,36247.19,Q3,September,2025
2025-09-21,1091.57,2334.08,-1242.51,-1242.51,489623.8,-113.83,184.83,582.42,26861.37,Q3,September,2025
2025-09-22,2539.65,2952.18,-412.54,-412.54,489211.26,-16.24,734.37,659.16,26312.64,Q3,September,2025
